DATE,TAXA_ID,TYPE,PROD_mg_AFDM_m_d,perC,perN,perP,%OM,CN,CP,NP,allo_sup,auto_sup,allo_consum,auto_consum,notes,
7/17/2008,algae,algae,11145.92,7.4,0.7,0.08,0.06,12.4,226.6,18.4,NA,NA,NA,NA,,
7/17/2008,algae,algae,11145.92,12.7,1.4,0.08,0.06,10.4,630.9,60.8,NA,NA,NA,NA,,
7/17/2008,algae,algae,11145.92,7.2,1.0,0.08,0.06,8.7,338.2,38.7,NA,NA,NA,NA,,
7/17/2008,algae,algae,11145.92,7.4,0.9,0.08,0.06,9.8,138.3,14.1,NA,NA,NA,NA,,0.08
8/13/2008,algae,algae,34311.39,,NA,0.17,0.09,7.9,153.0,19.4,NA,NA,NA,NA,all stoic mean of before-after dates,
9/23/2008,algae,algae,71816.78,NA,NA,0.263081463,0.07,8.1,196.0,24.2,NA,NA,NA,NA,all stoic mean of before-after dates,
10/26/2008,algae,algae,47489.10,19.4,3.0,0.31,0.10,7.6,142.2,18.7,NA,NA,NA,NA,,
10/26/2008,algae,algae,47489.10,11.6,1.8,0.31,0.10,7.4,154.9,20.9,NA,NA,NA,NA,,
10/26/2008,algae,algae,47489.10,12.5,1.8,0.31,0.10,8.2,107.7,13.1,NA,NA,NA,NA,,
10/26/2008,algae,algae,47489.10,13.9,2.3,0.31,0.10,7.0,123.6,17.8,NA,NA,NA,NA,,
11/23/2008,algae,algae,26705.94,5.8,0.7,0.31,0.14,9.5,107.1,11.3,NA,NA,NA,NA,,
11/23/2008,algae,algae,26705.94,10.2,1.4,0.191731975,0.14,8.4,209.3,24.9,NA,NA,NA,NA,CP & NP mean of before-after dates,
11/23/2008,algae,algae,26705.94,14.1,1.6,0.191731975,0.14,10.3,,,NA,NA,NA,NA,,
12/17/2008,algae,algae,14849.15,29.7,4.6,0.494118208,0.14,7.6,311.5,40.9,NA,NA,NA,NA,,
12/17/2008,algae,algae,14849.15,31.5,5.0,0.494118208,0.14,7.4,144.1,19.5,NA,NA,NA,NA,,
12/17/2008,algae,algae,14849.15,18.0,3.0,0.494118208,0.14,7.0,,,NA,NA,NA,NA,,
12/17/2008,algae,algae,14849.15,18.0,3.3,0.494118208,0.14,6.3,,,NA,NA,NA,NA,,
02/03/2009,algae,algae,25484.30,50.7,8.8,0.453870564,0.19,6.7,143.5,21.4,NA,NA,NA,NA,CP & NP mean of before-after dates,
02/03/2009,algae,algae,25484.30,35.8,5.4,0.453870564,0.19,7.8,142.9,18.4,NA,NA,NA,NA,,
02/03/2009,algae,algae,25484.30,22.4,3.3,0.453870564,0.19,8.0,220.7,27.5,NA,NA,NA,NA,,
04/07/2009,algae,algae,55505.87,16.5,2.7,0.41,0.01,7.1,90.2,12.7,NA,NA,NA,NA,,
04/07/2009,algae,algae,55505.87,7.6,1.7,0.41,0.01,5.2,128.5,24.6,NA,NA,NA,NA,,
04/07/2009,algae,algae,55505.87,40.6,7.7,0.41,0.01,6.2,137.4,22.4,NA,NA,NA,NA,,
04/07/2009,algae,algae,55505.87,14.9,2.8,0.41,0.01,6.2,153.4,24.6,NA,NA,NA,NA,,
5/16/2009,algae,algae,37703.48,14.8,2.5,0.442404154,0.07,7.0,34.2,4.9,NA,NA,NA,NA,,
5/16/2009,algae,algae,37703.48,15.7,2.0,0.442404154,0.07,9.0,174.6,19.3,NA,NA,NA,NA,,
6/23/2009,algae,algae,17989.48,NA,NA,0.26,0.04,9.8,333.0,34.0,NA,NA,NA,NA,all stoic mean of before-after dates,
7/17/2008,litter,litter,4034.14,51.7,0.9,0.10,0.73,70.0,1313.0,18.8,NA,NA,NA,NA,,
8/13/2008,litter,litter,5943.56,51.7,0.9,0.10,0.73,70.0,1313.0,18.8,NA,NA,NA,NA,,
9/23/2008,litter,litter,4841.67,51.7,0.9,0.10,0.73,70.0,1313.0,18.8,NA,NA,NA,NA,,
10/26/2008,litter,litter,10557.08,51.7,0.9,0.10,0.73,70.0,1313.0,18.8,NA,NA,NA,NA,,
11/23/2008,litter,litter,6624.34,51.7,0.9,0.10,0.73,70.0,1313.0,18.8,NA,NA,NA,NA,,
12/17/2008,litter,litter,7276.04,51.7,0.9,0.10,0.73,70.0,1313.0,18.8,NA,NA,NA,NA,,
02/03/2009,litter,litter,5348.61,51.7,0.9,0.10,0.73,70.0,1313.0,18.8,NA,NA,NA,NA,,
04/07/2009,litter,litter,4756.46,51.7,0.9,0.10,0.73,70.0,1313.0,18.8,NA,NA,NA,NA,,
5/16/2009,litter,litter,8615.45,51.7,0.9,0.10,0.73,70.0,1313.0,18.8,NA,NA,NA,NA,,
6/23/2009,litter,litter,1456.55,51.7,0.9,0.10,0.73,70.0,1313.0,18.8,NA,NA,NA,NA,,
07/17/2008,Doddsi,invert,21.16,NA,NA,NA,0.94,NA,NA,NA,0.61,0.39,256.80,55.49,,
07/17/2008,Cynigmula,invert,115.54,NA,NA,NA,0.94,NA,NA,NA,0.42,0.58,968.00,447.57,,
07/17/2008,Zapada,invert,0.89,NA,NA,NA,0.94,NA,NA,NA,0.49,0.51,8.70,3.02,,
07/17/2008,Simul,invert,23.49,NA,NA,NA,0.94,NA,NA,NA,0.40,0.60,187.89,93.95,,
07/17/2008,Suwallia,invert,1.10,NA,NA,NA,0.94,NA,NA,NA,0.52,0.48,11.40,3.52,,
07/17/2008,Atenella,invert,4.20,NA,NA,NA,0.94,NA,NA,NA,0.41,0.59,34.60,16.49,,
07/17/2008,Acentrella,invert,44.37,NA,NA,NA,0.94,NA,NA,NA,0.53,0.47,472.00,138.47,,
07/17/2008,Lepto,invert,4.20,NA,NA,NA,0.94,NA,NA,NA,0.44,0.56,36.80,15.71,,
07/17/2008,Epeorus,invert,48.10,NA,NA,NA,0.94,NA,NA,NA,0.41,0.59,394.00,189.31,,
07/17/2008,Elmidae,invert,491.38,NA,NA,NA,0.94,NA,NA,NA,0.40,0.60,3931.00,1965.52,,
07/17/2008,Sweltza,invert,73.78,NA,NA,NA,0.94,NA,NA,NA,0.52,0.48,768.20,235.78,,
07/17/2008,Gloss,invert,0.28,NA,NA,NA,0.94,NA,NA,NA,0.39,0.61,2.20,1.13,,
07/17/2008,Perlodid,invert,1.52,NA,NA,NA,0.94,NA,NA,NA,0.50,0.50,15.18,5.06,,
07/17/2008,Serratella,invert,17.66,NA,NA,NA,0.94,NA,NA,NA,0.42,0.58,149.60,67.85,,
07/17/2008,Ameletidae,invert,13.61,NA,NA,NA,0.94,NA,NA,NA,0.42,0.58,115.20,52.31,,
07/17/2008,Brachy,invert,4.44,NA,NA,NA,0.94,NA,NA,NA,0.42,0.58,37.20,17.18,,
07/17/2008,Tipulidae,invert,6.18,NA,NA,NA,0.94,NA,NA,NA,0.50,0.50,61.60,20.66,,
07/17/2008,Rhyac,invert,23.53,NA,NA,NA,0.94,NA,NA,NA,0.52,0.48,242.60,76.00,,
07/17/2008,Pericoma,invert,0.49,NA,NA,NA,0.94,NA,NA,NA,0.43,0.57,4.20,1.89,,
07/17/2008,Grandis,invert,3.47,NA,NA,NA,0.94,NA,NA,NA,0.60,0.40,41.60,9.27,,
07/17/2008,Chiron,invert,133.52,NA,NA,NA,0.94,NA,NA,NA,0.42,0.58,1134.80,511.84,,
07/17/2008,Rhithrogena,invert,2.17,NA,NA,NA,0.94,NA,NA,NA,0.42,0.58,18.20,8.38,,
07/17/2008,Baetis,invert,48.96,NA,NA,NA,0.94,NA,NA,NA,0.54,0.46,529.40,149.93,,
07/17/2008,Barbaetis,invert,29.74,NA,NA,NA,0.94,NA,NA,NA,0.42,0.58,252.60,114.09,,
07/17/2008,Hydro,invert,1.27,NA,NA,NA,0.94,NA,NA,NA,0.50,0.50,12.66,4.22,,
07/17/2008,Classenia,invert,35.57,NA,NA,NA,0.94,NA,NA,NA,0.52,0.48,371.20,113.38,,
07/17/2008,Elmidae (A),invert,43.84,NA,NA,NA,0.94,NA,NA,NA,0.40,0.60,350.60,175.43,,
07/17/2008,Tabanidae,invert,0.38,NA,NA,NA,0.94,NA,NA,NA,0.42,0.58,3.18,1.47,,
07/17/2008,Ostracoda,invert,1.24,NA,NA,NA,0.94,NA,NA,NA,0.42,0.58,10.40,4.78,,
07/17/2008,Limn,invert,1.05,NA,NA,NA,0.94,NA,NA,NA,0.42,0.58,8.78,4.04,,
07/17/2008,Mite,invert,12.54,NA,NA,NA,0.94,NA,NA,NA,0.42,0.58,105.36,48.45,,
08/13/2008,Doddsi,invert,32.01,NA,NA,NA,0.94,NA,NA,NA,0.40,0.60,256.05,128.03,,
08/13/2008,Cynigmula,invert,149.39,NA,NA,NA,0.94,NA,NA,NA,0.40,0.60,1195.20,597.55,,
08/13/2008,Zapada,invert,10.65,NA,NA,NA,0.94,NA,NA,NA,0.50,0.50,106.51,35.50,,
08/13/2008,Simul,invert,27.67,NA,NA,NA,0.94,NA,NA,NA,0.40,0.60,221.35,110.68,,
08/13/2008,Suwallia,invert,2.35,NA,NA,NA,0.94,NA,NA,NA,0.45,0.55,21.13,8.61,,
08/13/2008,Atenella,invert,15.59,NA,NA,NA,0.94,NA,NA,NA,0.40,0.60,124.60,62.41,,
08/13/2008,Acentrella,invert,99.99,NA,NA,NA,0.94,NA,NA,NA,0.39,0.61,788.00,403.92,,
08/13/2008,Lepto,invert,25.24,NA,NA,NA,0.94,NA,NA,NA,0.40,0.60,202.00,100.92,,
08/13/2008,Epeorus,invert,53.12,NA,NA,NA,0.94,NA,NA,NA,0.40,0.60,425.00,212.48,,
08/13/2008,Elmidae,invert,764.67,NA,NA,NA,0.94,NA,NA,NA,0.11,0.89,1682.20,4537.09,,
08/13/2008,Sweltza,invert,90.51,NA,NA,NA,0.94,NA,NA,NA,0.45,0.55,814.58,331.87,,
08/13/2008,Gloss,invert,3.22,NA,NA,NA,0.94,NA,NA,NA,0.20,0.80,12.80,17.19,,
08/13/2008,Perlodid,invert,6.27,NA,NA,NA,0.94,NA,NA,NA,0.45,0.55,56.40,22.98,,
08/13/2008,Serratella,invert,52.77,NA,NA,NA,0.94,NA,NA,NA,0.40,0.60,422.20,211.03,,
08/13/2008,Ameletidae,invert,31.12,NA,NA,NA,0.94,NA,NA,NA,0.40,0.60,249.00,124.47,,
08/13/2008,Brachy,invert,5.35,NA,NA,NA,0.94,NA,NA,NA,0.40,0.60,42.80,21.40,,
08/13/2008,Tipulidae,invert,11.62,NA,NA,NA,0.94,NA,NA,NA,0.45,0.55,103.64,42.95,,
08/13/2008,Rhyac,invert,53.02,NA,NA,NA,0.94,NA,NA,NA,0.40,0.60,424.14,212.07,,
08/13/2008,Pericoma,invert,4.09,NA,NA,NA,0.94,NA,NA,NA,0.40,0.60,32.60,16.42,,
08/13/2008,Grandis,invert,7.11,NA,NA,NA,0.94,NA,NA,NA,0.40,0.60,56.80,28.47,,
08/13/2008,Chiron,invert,106.90,NA,NA,NA,0.94,NA,NA,NA,0.40,0.60,855.20,427.57,,
08/13/2008,Rhithrogena,invert,16.76,NA,NA,NA,0.94,NA,NA,NA,0.40,0.60,134.00,67.09,,
08/13/2008,Baetis,invert,47.10,NA,NA,NA,0.94,NA,NA,NA,0.40,0.60,376.60,188.44,,
08/13/2008,Barbaetis,invert,36.96,NA,NA,NA,0.94,NA,NA,NA,0.40,0.60,295.60,147.88,,
08/13/2008,Hydro,invert,17.59,NA,NA,NA,0.94,NA,NA,NA,0.40,0.60,140.68,70.34,,
08/13/2008,Classenia,invert,40.03,NA,NA,NA,0.94,NA,NA,NA,0.38,0.62,300.25,166.80,,
08/13/2008,Elmidae (A),invert,72.70,NA,NA,NA,0.94,NA,NA,NA,0.15,0.85,218.00,411.98,,
08/13/2008,Tabanidae,invert,1.75,NA,NA,NA,0.94,NA,NA,NA,0.40,0.60,13.99,7.03,,
08/13/2008,Ostracoda,invert,1.76,NA,NA,NA,0.94,NA,NA,NA,0.40,0.60,14.04,7.05,,
08/13/2008,Limn,invert,0.47,NA,NA,NA,0.94,NA,NA,NA,0.40,0.60,3.72,1.87,,
08/13/2008,Mite,invert,11.31,NA,NA,NA,0.94,NA,NA,NA,0.40,0.60,90.26,45.32,,
09/23/2008,Doddsi,invert,24.05,NA,NA,NA,0.94,NA,NA,NA,0.47,0.53,226.08,84.98,,
09/23/2008,Cynigmula,invert,51.82,NA,NA,NA,0.94,NA,NA,NA,0.40,0.60,414.40,207.32,,
09/23/2008,Zapada,invert,9.13,NA,NA,NA,0.94,NA,NA,NA,0.50,0.50,91.27,30.42,,
09/23/2008,Simul,invert,2.75,NA,NA,NA,0.94,NA,NA,NA,0.45,0.55,24.72,10.07,,
09/23/2008,Suwallia,invert,1.68,NA,NA,NA,0.94,NA,NA,NA,0.53,0.47,17.80,5.28,,
09/23/2008,Atenella,invert,20.71,NA,NA,NA,0.94,NA,NA,NA,0.47,0.53,196.60,72.51,,
09/23/2008,Acentrella,invert,56.87,NA,NA,NA,0.94,NA,NA,NA,0.45,0.55,509.00,209.48,,
09/23/2008,Lepto,invert,23.18,NA,NA,NA,0.94,NA,NA,NA,0.49,0.51,225.60,79.34,,
09/23/2008,Epeorus,invert,12.33,NA,NA,NA,0.94,NA,NA,NA,0.36,0.64,88.76,52.61,,
09/23/2008,Elmidae,invert,394.96,NA,NA,NA,0.94,NA,NA,NA,0.37,0.63,2904.80,1664.77,,
09/23/2008,Sweltza,invert,45.49,NA,NA,NA,0.94,NA,NA,NA,0.52,0.48,471.40,146.16,,
09/23/2008,Gloss,invert,1.95,NA,NA,NA,0.94,NA,NA,NA,0.37,0.63,14.35,8.25,,
09/23/2008,Perlodid,invert,21.79,NA,NA,NA,0.94,NA,NA,NA,0.52,0.48,225.19,70.18,,
09/23/2008,Serratella,invert,74.80,NA,NA,NA,0.94,NA,NA,NA,0.40,0.60,600.80,298.38,,
09/23/2008,Ameletidae,invert,10.53,NA,NA,NA,0.94,NA,NA,NA,0.49,0.51,103.00,35.87,,
09/23/2008,Brachy,invert,4.02,NA,NA,NA,0.94,NA,NA,NA,0.48,0.52,38.80,13.84,,
09/23/2008,Tipulidae,invert,3.32,NA,NA,NA,0.94,NA,NA,NA,0.55,0.45,36.50,9.96,,
09/23/2008,Rhyac,invert,34.05,NA,NA,NA,0.94,NA,NA,NA,0.52,0.48,352.00,109.70,,
09/23/2008,Pericoma,invert,8.85,NA,NA,NA,0.94,NA,NA,NA,0.49,0.51,87.20,29.94,,
09/23/2008,Grandis,invert,7.03,NA,NA,NA,0.94,NA,NA,NA,0.47,0.53,66.12,24.85,,
09/23/2008,Chiron,invert,31.35,NA,NA,NA,0.94,NA,NA,NA,0.48,0.52,298.00,109.66,,
09/23/2008,Rhithrogena,invert,7.43,NA,NA,NA,0.94,NA,NA,NA,0.49,0.51,72.40,25.39,,
09/23/2008,Baetis,invert,32.81,NA,NA,NA,0.94,NA,NA,NA,0.45,0.55,297.80,119.45,,
09/23/2008,Barbaetis,invert,8.08,NA,NA,NA,0.94,NA,NA,NA,0.49,0.51,79.60,27.35,,
09/23/2008,Hydro,invert,15.09,NA,NA,NA,0.94,NA,NA,NA,0.45,0.55,135.77,55.32,,
09/23/2008,Classenia,invert,43.08,NA,NA,NA,0.94,NA,NA,NA,0.51,0.49,437.00,141.56,,
09/23/2008,Elmidae (A),invert,29.49,NA,NA,NA,0.94,NA,NA,NA,0.37,0.63,216.88,124.30,,
09/23/2008,Tabanidae,invert,0.90,NA,NA,NA,0.94,NA,NA,NA,0.47,0.53,8.44,3.17,,
09/23/2008,Ostracoda,invert,0.94,NA,NA,NA,0.94,NA,NA,NA,0.47,0.53,8.85,3.33,,
09/23/2008,Limn,invert,0.14,NA,NA,NA,0.94,NA,NA,NA,0.47,0.53,1.30,0.49,,
09/23/2008,Mite,invert,5.81,NA,NA,NA,0.94,NA,NA,NA,0.47,0.53,54.57,20.51,,
10/26/2008,Doddsi,invert,17.45,NA,NA,NA,0.94,NA,NA,NA,0.62,0.38,216.32,44.19,,
10/26/2008,Cynigmula,invert,42.56,NA,NA,NA,0.94,NA,NA,NA,0.66,0.34,564.00,95.74,,
10/26/2008,Zapada,invert,2.98,NA,NA,NA,0.94,NA,NA,NA,0.55,0.45,32.72,8.93,,
10/26/2008,Simul,invert,1.21,NA,NA,NA,0.94,NA,NA,NA,0.60,0.40,14.58,3.24,,
10/26/2008,Suwallia,invert,0.85,NA,NA,NA,0.94,NA,NA,NA,0.63,0.37,10.60,2.11,,
10/26/2008,Atenella,invert,15.30,NA,NA,NA,0.94,NA,NA,NA,0.62,0.38,190.20,38.62,,
10/26/2008,Acentrella,invert,19.18,NA,NA,NA,0.94,NA,NA,NA,0.62,0.38,237.20,48.78,,
10/26/2008,Lepto,invert,9.76,NA,NA,NA,0.94,NA,NA,NA,0.61,0.39,119.80,25.13,,
10/26/2008,Epeorus,invert,6.12,NA,NA,NA,0.94,NA,NA,NA,0.65,0.35,79.20,14.38,,
10/26/2008,Elmidae,invert,184.31,NA,NA,NA,0.94,NA,NA,NA,0.53,0.47,1971.00,571.74,,
10/26/2008,Sweltza,invert,25.41,NA,NA,NA,0.94,NA,NA,NA,0.64,0.36,326.60,60.51,,
10/26/2008,Gloss,invert,6.55,NA,NA,NA,0.94,NA,NA,NA,0.53,0.47,69.48,20.54,,
10/26/2008,Perlodid,invert,16.53,NA,NA,NA,0.94,NA,NA,NA,0.63,0.37,206.94,41.21,,
10/26/2008,Serratella,invert,43.93,NA,NA,NA,0.94,NA,NA,NA,0.61,0.39,536.80,113.93,,
10/26/2008,Ameletidae,invert,1.92,NA,NA,NA,0.94,NA,NA,NA,0.61,0.39,23.60,4.94,,
10/26/2008,Brachy,invert,2.80,NA,NA,NA,0.94,NA,NA,NA,0.61,0.39,34.00,7.35,,
10/26/2008,Tipulidae,invert,0.68,NA,NA,NA,0.94,NA,NA,NA,0.55,0.45,7.47,2.04,,
10/26/2008,Rhyac,invert,11.00,NA,NA,NA,0.94,NA,NA,NA,0.63,0.37,137.80,27.40,,
10/26/2008,Pericoma,invert,5.39,NA,NA,NA,0.94,NA,NA,NA,0.62,0.38,67.00,13.57,,
10/26/2008,Grandis,invert,3.36,NA,NA,NA,0.94,NA,NA,NA,0.62,0.38,41.61,8.50,,
10/26/2008,Chiron,invert,8.33,NA,NA,NA,0.94,NA,NA,NA,0.63,0.37,104.40,20.74,,
10/26/2008,Rhithrogena,invert,1.42,NA,NA,NA,0.94,NA,NA,NA,0.61,0.39,17.20,3.74,,
10/26/2008,Baetis,invert,14.08,NA,NA,NA,0.94,NA,NA,NA,0.63,0.37,177.00,34.88,,
10/26/2008,Barbaetis,invert,5.06,NA,NA,NA,0.94,NA,NA,NA,0.60,0.40,60.60,13.54,,
10/26/2008,Hydro,invert,4.92,NA,NA,NA,0.94,NA,NA,NA,0.55,0.45,54.14,14.76,,
10/26/2008,Classenia,invert,2.40,NA,NA,NA,0.94,NA,NA,NA,0.63,0.37,30.00,5.97,,
10/26/2008,Elmidae (A),invert,13.30,NA,NA,NA,0.94,NA,NA,NA,0.53,0.47,141.00,41.68,,
10/26/2008,Tabanidae,invert,0.20,NA,NA,NA,0.94,NA,NA,NA,0.62,0.38,2.50,0.51,,
10/26/2008,Ostracoda,invert,0.66,NA,NA,NA,0.94,NA,NA,NA,0.62,0.38,8.15,1.67,,
10/26/2008,Limn,invert,0.11,NA,NA,NA,0.94,NA,NA,NA,0.62,0.38,1.38,0.28,,
10/26/2008,Mite,invert,3.09,NA,NA,NA,0.94,NA,NA,NA,0.62,0.38,38.29,7.82,,
11/23/2008,Doddsi,invert,15.55,NA,NA,NA,0.94,NA,NA,NA,0.43,0.57,135.00,58.69,,
11/23/2008,Cynigmula,invert,40.16,NA,NA,NA,0.94,NA,NA,NA,0.63,0.37,505.40,99.23,,
11/23/2008,Zapada,invert,5.13,NA,NA,NA,0.94,NA,NA,NA,0.54,0.46,55.20,15.77,,
11/23/2008,Simul,invert,0.91,NA,NA,NA,0.94,NA,NA,NA,0.50,0.50,9.08,3.03,,
11/23/2008,Suwallia,invert,1.78,NA,NA,NA,0.94,NA,NA,NA,0.54,0.46,19.40,5.41,,
11/23/2008,Atenella,invert,11.59,NA,NA,NA,0.94,NA,NA,NA,0.62,0.38,143.80,29.30,,
11/23/2008,Acentrella,invert,11.72,NA,NA,NA,0.94,NA,NA,NA,0.53,0.47,124.00,36.81,,
11/23/2008,Lepto,invert,3.83,NA,NA,NA,0.94,NA,NA,NA,0.63,0.37,48.60,9.34,,
11/23/2008,Epeorus,invert,5.20,NA,NA,NA,0.94,NA,NA,NA,0.45,0.55,46.80,19.07,,
11/23/2008,Elmidae,invert,81.73,NA,NA,NA,0.94,NA,NA,NA,0.49,0.51,794.20,280.11,,
11/23/2008,Sweltza,invert,15.17,NA,NA,NA,0.94,NA,NA,NA,0.63,0.37,191.00,37.48,,
11/23/2008,Gloss,invert,5.28,NA,NA,NA,0.94,NA,NA,NA,0.45,0.55,47.50,19.35,,
11/23/2008,Perlodid,invert,5.73,NA,NA,NA,0.94,NA,NA,NA,0.63,0.37,72.00,14.20,,
11/23/2008,Serratella,invert,20.38,NA,NA,NA,0.94,NA,NA,NA,0.58,0.42,237.60,56.66,,
11/23/2008,Ameletidae,invert,0.76,NA,NA,NA,0.94,NA,NA,NA,0.62,0.38,9.40,1.91,,
11/23/2008,Brachy,invert,0.80,NA,NA,NA,0.94,NA,NA,NA,0.62,0.38,10.00,2.02,,
11/23/2008,Tipulidae,invert,0.83,NA,NA,NA,0.94,NA,NA,NA,0.46,0.54,7.60,2.97,,
11/23/2008,Rhyac,invert,6.62,NA,NA,NA,0.94,NA,NA,NA,0.46,0.54,61.20,23.71,,
11/23/2008,Pericoma,invert,2.56,NA,NA,NA,0.94,NA,NA,NA,0.63,0.37,32.40,6.26,,
11/23/2008,Grandis,invert,1.27,NA,NA,NA,0.94,NA,NA,NA,0.43,0.57,11.00,4.78,,
11/23/2008,Chiron,invert,3.35,NA,NA,NA,0.94,NA,NA,NA,0.65,0.35,43.60,7.80,,
11/23/2008,Rhithrogena,invert,2.30,NA,NA,NA,0.94,NA,NA,NA,0.64,0.36,29.40,5.55,,
11/23/2008,Baetis,invert,3.60,NA,NA,NA,0.94,NA,NA,NA,0.52,0.48,37.20,11.62,,
11/23/2008,Barbaetis,invert,2.20,NA,NA,NA,0.94,NA,NA,NA,0.53,0.47,23.20,6.90,,
11/23/2008,Hydro,invert,1.07,NA,NA,NA,0.94,NA,NA,NA,0.51,0.49,10.80,3.52,,
11/23/2008,Classenia,invert,0.29,NA,NA,NA,0.94,NA,NA,NA,0.61,0.39,3.60,0.76,,
11/23/2008,Elmidae (A),invert,8.41,NA,NA,NA,0.94,NA,NA,NA,0.50,0.50,83.80,28.16,,
11/23/2008,Tabanidae,invert,0.36,NA,NA,NA,0.94,NA,NA,NA,0.62,0.38,4.51,0.92,,
11/23/2008,Ostracoda,invert,0.25,NA,NA,NA,0.94,NA,NA,NA,0.62,0.38,3.10,0.63,,
11/23/2008,Limn,invert,0.03,NA,NA,NA,0.94,NA,NA,NA,0.61,0.39,0.32,0.07,,
11/23/2008,Mite,invert,1.75,NA,NA,NA,0.94,NA,NA,NA,0.62,0.38,21.69,4.43,,
12/17/2008,Doddsi,invert,26.44,NA,NA,NA,0.94,NA,NA,NA,0.50,0.50,265.60,87.75,,
12/17/2008,Cynigmula,invert,71.82,NA,NA,NA,0.94,NA,NA,NA,0.63,0.37,898.00,179.44,,
12/17/2008,Zapada,invert,14.08,NA,NA,NA,0.94,NA,NA,NA,0.46,0.54,128.40,51.03,,
12/17/2008,Simul,invert,2.65,NA,NA,NA,0.94,NA,NA,NA,0.31,0.69,16.44,12.20,,
12/17/2008,Suwallia,invert,4.30,NA,NA,NA,0.94,NA,NA,NA,0.70,0.30,60.60,8.46,,
12/17/2008,Atenella,invert,21.63,NA,NA,NA,0.94,NA,NA,NA,0.52,0.48,223.00,69.84,,
12/17/2008,Acentrella,invert,14.34,NA,NA,NA,0.94,NA,NA,NA,0.44,0.56,125.60,53.76,,
12/17/2008,Lepto,invert,5.39,NA,NA,NA,0.94,NA,NA,NA,0.54,0.46,57.80,16.67,,
12/17/2008,Epeorus,invert,5.41,NA,NA,NA,0.94,NA,NA,NA,0.60,0.40,64.40,14.60,,
12/17/2008,Elmidae,invert,91.53,NA,NA,NA,0.94,NA,NA,NA,0.37,0.63,680.80,383.24,,
12/17/2008,Sweltza,invert,24.72,NA,NA,NA,0.94,NA,NA,NA,0.70,0.30,344.80,49.86,,
12/17/2008,Gloss,invert,1.85,NA,NA,NA,0.94,NA,NA,NA,0.37,0.63,13.70,7.79,,
12/17/2008,Perlodid,invert,14.31,NA,NA,NA,0.94,NA,NA,NA,0.70,0.30,200.40,28.60,,
12/17/2008,Serratella,invert,45.15,NA,NA,NA,0.94,NA,NA,NA,0.51,0.49,463.40,146.54,,
12/17/2008,Ameletidae,invert,1.37,NA,NA,NA,0.94,NA,NA,NA,0.51,0.49,14.00,4.46,,
12/17/2008,Brachy,invert,0.58,NA,NA,NA,0.94,NA,NA,NA,0.51,0.49,6.00,1.89,,
12/17/2008,Tipulidae,invert,1.53,NA,NA,NA,0.94,NA,NA,NA,0.34,0.66,10.40,6.76,,
12/17/2008,Rhyac,invert,7.37,NA,NA,NA,0.94,NA,NA,NA,0.51,0.49,74.80,24.23,,
12/17/2008,Pericoma,invert,4.27,NA,NA,NA,0.94,NA,NA,NA,0.53,0.47,45.60,13.25,,
12/17/2008,Grandis,invert,3.76,NA,NA,NA,0.94,NA,NA,NA,0.50,0.50,37.60,12.50,,
12/17/2008,Chiron,invert,5.69,NA,NA,NA,0.94,NA,NA,NA,0.52,0.48,58.80,18.33,,
12/17/2008,Rhithrogena,invert,2.75,NA,NA,NA,0.94,NA,NA,NA,0.49,0.51,26.80,9.42,,
12/17/2008,Baetis,invert,5.07,NA,NA,NA,0.94,NA,NA,NA,0.44,0.56,45.00,18.77,,
12/17/2008,Barbaetis,invert,2.27,NA,NA,NA,0.94,NA,NA,NA,0.43,0.57,19.60,8.57,,
12/17/2008,Hydro,invert,0.35,NA,NA,NA,0.94,NA,NA,NA,0.31,0.69,2.20,1.62,,
12/17/2008,Classenia,invert,0.48,NA,NA,NA,0.94,NA,NA,NA,0.73,0.27,7.00,0.86,,
12/17/2008,Elmidae (A),invert,10.94,NA,NA,NA,0.94,NA,NA,NA,0.35,0.65,76.60,47.37,,
12/17/2008,Tabanidae,invert,0.83,NA,NA,NA,0.94,NA,NA,NA,0.51,0.49,8.50,2.72,,
12/17/2008,Ostracoda,invert,0.11,NA,NA,NA,0.94,NA,NA,NA,0.51,0.49,1.16,0.37,,
12/17/2008,Limn,invert,0.00,NA,NA,NA,0.94,NA,NA,NA,0.00,1.00,0.00,0.00,,
12/17/2008,Mite,invert,2.33,NA,NA,NA,0.94,NA,NA,NA,0.51,0.49,23.76,7.61,,
02/03/2009,Doddsi,invert,54.74,NA,NA,NA,0.94,NA,NA,NA,0.62,0.38,673.80,140.30,,
02/03/2009,Cynigmula,invert,94.47,NA,NA,NA,0.94,NA,NA,NA,0.65,0.35,1229.00,220.13,,
02/03/2009,Zapada,invert,17.56,NA,NA,NA,0.94,NA,NA,NA,0.62,0.38,216.80,44.80,,
02/03/2009,Simul,invert,6.79,NA,NA,NA,0.94,NA,NA,NA,0.60,0.40,81.10,18.25,,
02/03/2009,Suwallia,invert,6.03,NA,NA,NA,0.94,NA,NA,NA,0.87,0.13,104.80,5.28,,
02/03/2009,Atenella,invert,27.47,NA,NA,NA,0.94,NA,NA,NA,0.61,0.39,332.40,72.30,,
02/03/2009,Acentrella,invert,26.13,NA,NA,NA,0.94,NA,NA,NA,0.60,0.40,314.40,69.38,,
02/03/2009,Lepto,invert,5.01,NA,NA,NA,0.94,NA,NA,NA,0.47,0.53,47.40,17.62,,
02/03/2009,Epeorus,invert,17.44,NA,NA,NA,0.94,NA,NA,NA,0.64,0.36,223.00,41.92,,
02/03/2009,Elmidae,invert,138.91,NA,NA,NA,0.94,NA,NA,NA,0.51,0.49,1410.80,455.81,,
02/03/2009,Sweltza,invert,43.87,NA,NA,NA,0.94,NA,NA,NA,0.76,0.24,665.20,70.75,,
02/03/2009,Gloss,invert,1.26,NA,NA,NA,0.94,NA,NA,NA,0.50,0.50,12.59,4.20,,
02/03/2009,Perlodid,invert,24.52,NA,NA,NA,0.94,NA,NA,NA,0.78,0.22,382.00,36.14,,
02/03/2009,Serratella,invert,76.62,NA,NA,NA,0.94,NA,NA,NA,0.76,0.24,1172.00,120.13,,
02/03/2009,Ameletidae,invert,5.43,NA,NA,NA,0.94,NA,NA,NA,0.62,0.38,67.40,13.74,,
02/03/2009,Brachy,invert,2.89,NA,NA,NA,0.94,NA,NA,NA,0.62,0.38,36.00,7.26,,
02/03/2009,Tipulidae,invert,3.75,NA,NA,NA,0.94,NA,NA,NA,0.60,0.40,45.00,10.01,,
02/03/2009,Rhyac,invert,9.53,NA,NA,NA,0.94,NA,NA,NA,0.58,0.42,109.60,26.99,,
02/03/2009,Pericoma,invert,8.78,NA,NA,NA,0.94,NA,NA,NA,0.63,0.37,109.80,21.90,,
02/03/2009,Grandis,invert,8.14,NA,NA,NA,0.94,NA,NA,NA,0.60,0.40,97.60,21.74,,
02/03/2009,Chiron,invert,28.70,NA,NA,NA,0.94,NA,NA,NA,0.62,0.38,356.80,72.39,,
02/03/2009,Rhithrogena,invert,0.49,NA,NA,NA,0.94,NA,NA,NA,0.62,0.38,6.00,1.24,,
02/03/2009,Baetis,invert,5.44,NA,NA,NA,0.94,NA,NA,NA,0.62,0.38,67.20,13.84,,
02/03/2009,Barbaetis,invert,3.58,NA,NA,NA,0.94,NA,NA,NA,0.61,0.39,43.60,9.31,,
02/03/2009,Hydro,invert,0.80,NA,NA,NA,0.94,NA,NA,NA,0.60,0.40,9.60,2.16,,
02/03/2009,Classenia,invert,2.59,NA,NA,NA,0.94,NA,NA,NA,0.79,0.21,41.20,3.54,,
02/03/2009,Elmidae (A),invert,25.65,NA,NA,NA,0.94,NA,NA,NA,0.51,0.49,259.80,84.40,,
02/03/2009,Tabanidae,invert,0.92,NA,NA,NA,0.94,NA,NA,NA,0.60,0.40,11.06,2.46,,
02/03/2009,Ostracoda,invert,0.55,NA,NA,NA,0.94,NA,NA,NA,0.60,0.40,6.55,1.46,,
02/03/2009,Limn,invert,0.33,NA,NA,NA,0.94,NA,NA,NA,0.60,0.40,3.97,0.88,,
02/03/2009,Mite,invert,1.82,NA,NA,NA,0.94,NA,NA,NA,0.60,0.40,21.84,4.85,,
04/07/2009,Doddsi,invert,47.07,NA,NA,NA,0.94,NA,NA,NA,0.71,0.29,670.60,90.26,,
04/07/2009,Cynigmula,invert,69.58,NA,NA,NA,0.94,NA,NA,NA,0.74,0.26,1031.60,120.00,,
04/07/2009,Zapada,invert,12.15,NA,NA,NA,0.94,NA,NA,NA,0.68,0.32,165.40,25.89,,
04/07/2009,Simul,invert,8.80,NA,NA,NA,0.94,NA,NA,NA,0.62,0.38,109.16,22.30,,
04/07/2009,Suwallia,invert,6.16,NA,NA,NA,0.94,NA,NA,NA,0.67,0.33,82.40,13.58,,
04/07/2009,Atenella,invert,21.74,NA,NA,NA,0.94,NA,NA,NA,0.76,0.24,331.40,34.44,,
04/07/2009,Acentrella,invert,26.09,NA,NA,NA,0.94,NA,NA,NA,0.77,0.23,400.60,40.43,,
04/07/2009,Lepto,invert,2.88,NA,NA,NA,0.94,NA,NA,NA,0.45,0.55,26.00,10.55,,
04/07/2009,Epeorus,invert,15.60,NA,NA,NA,0.94,NA,NA,NA,0.58,0.42,181.00,43.69,,
04/07/2009,Elmidae,invert,107.13,NA,NA,NA,0.94,NA,NA,NA,0.59,0.41,1255.20,295.80,,
04/07/2009,Sweltza,invert,33.30,NA,NA,NA,0.94,NA,NA,NA,0.66,0.34,442.40,74.52,,
04/07/2009,Gloss,invert,1.29,NA,NA,NA,0.94,NA,NA,NA,0.57,0.43,14.80,3.67,,
04/07/2009,Perlodid,invert,7.58,NA,NA,NA,0.94,NA,NA,NA,0.66,0.34,100.00,17.20,,
04/07/2009,Serratella,invert,51.49,NA,NA,NA,0.94,NA,NA,NA,0.76,0.24,782.40,82.49,,
04/07/2009,Ameletidae,invert,4.15,NA,NA,NA,0.94,NA,NA,NA,0.75,0.25,62.60,6.80,,
04/07/2009,Brachy,invert,2.85,NA,NA,NA,0.94,NA,NA,NA,0.72,0.28,40.80,5.41,,
04/07/2009,Tipulidae,invert,2.65,NA,NA,NA,0.94,NA,NA,NA,0.68,0.32,36.04,5.65,,
04/07/2009,Rhyac,invert,16.76,NA,NA,NA,0.94,NA,NA,NA,0.67,0.33,225.80,36.45,,
04/07/2009,Pericoma,invert,7.33,NA,NA,NA,0.94,NA,NA,NA,0.75,0.25,110.60,11.98,,
04/07/2009,Grandis,invert,6.05,NA,NA,NA,0.94,NA,NA,NA,0.71,0.29,86.20,11.57,,
04/07/2009,Chiron,invert,35.84,NA,NA,NA,0.94,NA,NA,NA,0.62,0.38,444.40,90.81,,
04/07/2009,Rhithrogena,invert,4.09,NA,NA,NA,0.94,NA,NA,NA,0.74,0.26,60.60,7.05,,
04/07/2009,Baetis,invert,5.80,NA,NA,NA,0.94,NA,NA,NA,0.74,0.26,85.80,10.05,,
04/07/2009,Barbaetis,invert,3.99,NA,NA,NA,0.94,NA,NA,NA,0.77,0.23,61.40,6.14,,
04/07/2009,Hydro,invert,4.18,NA,NA,NA,0.94,NA,NA,NA,0.62,0.38,51.80,10.58,,
04/07/2009,Classenia,invert,6.90,NA,NA,NA,0.94,NA,NA,NA,0.68,0.32,94.00,14.66,,
04/07/2009,Elmidae (A),invert,19.47,NA,NA,NA,0.94,NA,NA,NA,0.57,0.43,223.40,55.30,,
04/07/2009,Tabanidae,invert,1.57,NA,NA,NA,0.94,NA,NA,NA,0.76,0.24,23.80,2.50,,
04/07/2009,Ostracoda,invert,0.49,NA,NA,NA,0.94,NA,NA,NA,0.76,0.24,7.41,0.78,,
04/07/2009,Limn,invert,0.30,NA,NA,NA,0.94,NA,NA,NA,0.76,0.24,4.54,0.48,,
04/07/2009,Mite,invert,1.91,NA,NA,NA,0.94,NA,NA,NA,0.76,0.24,29.10,3.06,,
05/16/2009,Doddsi,invert,21.30,NA,NA,NA,0.94,NA,NA,NA,0.45,0.55,193.80,77.43,,
05/16/2009,Cynigmula,invert,65.78,NA,NA,NA,0.94,NA,NA,NA,0.64,0.36,848.40,155.71,,
05/16/2009,Zapada,invert,5.77,NA,NA,NA,0.94,NA,NA,NA,0.62,0.38,71.20,14.72,,
05/16/2009,Simul,invert,9.40,NA,NA,NA,0.94,NA,NA,NA,0.33,0.67,62.00,41.97,,
05/16/2009,Suwallia,invert,4.61,NA,NA,NA,0.94,NA,NA,NA,0.39,0.61,36.40,18.59,,
05/16/2009,Atenella,invert,15.83,NA,NA,NA,0.94,NA,NA,NA,0.65,0.35,207.00,36.56,,
05/16/2009,Acentrella,invert,25.75,NA,NA,NA,0.94,NA,NA,NA,0.67,0.33,342.80,57.43,,
05/16/2009,Lepto,invert,3.12,NA,NA,NA,0.94,NA,NA,NA,0.62,0.38,39.00,7.83,,
05/16/2009,Epeorus,invert,13.81,NA,NA,NA,0.94,NA,NA,NA,0.64,0.36,176.20,33.33,,
05/16/2009,Elmidae,invert,92.83,NA,NA,NA,0.94,NA,NA,NA,0.35,0.65,647.60,403.03,,
05/16/2009,Sweltza,invert,23.70,NA,NA,NA,0.94,NA,NA,NA,0.43,0.57,204.00,89.97,,
05/16/2009,Gloss,invert,1.31,NA,NA,NA,0.94,NA,NA,NA,0.35,0.65,9.18,5.69,,
05/16/2009,Perlodid,invert,0.19,NA,NA,NA,0.94,NA,NA,NA,0.43,0.57,1.60,0.70,,
05/16/2009,Serratella,invert,22.80,NA,NA,NA,0.94,NA,NA,NA,0.63,0.37,288.80,55.76,,
05/16/2009,Ameletidae,invert,2.68,NA,NA,NA,0.94,NA,NA,NA,0.64,0.36,34.60,6.35,,
05/16/2009,Brachy,invert,1.35,NA,NA,NA,0.94,NA,NA,NA,0.52,0.48,14.00,4.32,,
05/16/2009,Tipulidae,invert,0.42,NA,NA,NA,0.94,NA,NA,NA,0.61,0.39,5.10,1.08,,
05/16/2009,Rhyac,invert,17.81,NA,NA,NA,0.94,NA,NA,NA,0.52,0.48,186.20,56.69,,
05/16/2009,Pericoma,invert,2.08,NA,NA,NA,0.94,NA,NA,NA,0.63,0.37,26.40,5.06,,
05/16/2009,Grandis,invert,2.20,NA,NA,NA,0.94,NA,NA,NA,0.45,0.55,19.78,8.07,,
05/16/2009,Chiron,invert,24.71,NA,NA,NA,0.94,NA,NA,NA,0.56,0.44,278.00,72.08,,
05/16/2009,Rhithrogena,invert,5.72,NA,NA,NA,0.94,NA,NA,NA,0.81,0.19,92.20,7.41,,
05/16/2009,Baetis,invert,7.65,NA,NA,NA,0.94,NA,NA,NA,0.67,0.33,101.80,17.06,,
05/16/2009,Barbaetis,invert,2.18,NA,NA,NA,0.94,NA,NA,NA,0.68,0.32,29.60,4.65,,
05/16/2009,Hydro,invert,1.68,NA,NA,NA,0.94,NA,NA,NA,0.33,0.67,11.20,7.49,,
05/16/2009,Classenia,invert,13.48,NA,NA,NA,0.94,NA,NA,NA,0.44,0.56,118.40,50.38,,
05/16/2009,Elmidae (A),invert,11.44,NA,NA,NA,0.94,NA,NA,NA,0.37,0.63,84.60,48.06,,
05/16/2009,Tabanidae,invert,1.76,NA,NA,NA,0.94,NA,NA,NA,0.65,0.35,22.95,4.06,,
05/16/2009,Ostracoda,invert,0.09,NA,NA,NA,0.94,NA,NA,NA,0.65,0.35,1.17,0.21,,
05/16/2009,Limn,invert,0.00,NA,NA,NA,0.94,NA,NA,NA,0.00,1.00,0.00,0.00,,
05/16/2009,Mite,invert,5.00,NA,NA,NA,0.94,NA,NA,NA,0.65,0.35,65.33,11.57,,
06/23/2009,Doddsi,invert,35.84,NA,NA,NA,0.94,NA,NA,NA,0.67,0.33,481.00,78.61,,
06/23/2009,Cynigmula,invert,88.81,NA,NA,NA,0.94,NA,NA,NA,0.46,0.54,824.60,317.17,,
06/23/2009,Zapada,invert,9.92,NA,NA,NA,0.94,NA,NA,NA,0.44,0.56,87.60,36.90,,
06/23/2009,Simul,invert,7.39,NA,NA,NA,0.94,NA,NA,NA,0.33,0.67,48.78,33.02,,
06/23/2009,Suwallia,invert,3.49,NA,NA,NA,0.94,NA,NA,NA,0.68,0.32,47.20,7.52,,
06/23/2009,Atenella,invert,20.51,NA,NA,NA,0.94,NA,NA,NA,0.45,0.55,185.40,74.90,,
06/23/2009,Acentrella,invert,36.38,NA,NA,NA,0.94,NA,NA,NA,0.48,0.52,347.40,126.71,,
06/23/2009,Lepto,invert,10.06,NA,NA,NA,0.94,NA,NA,NA,0.46,0.54,92.40,36.27,,
06/23/2009,Epeorus,invert,18.95,NA,NA,NA,0.94,NA,NA,NA,0.40,0.60,151.60,75.79,,
06/23/2009,Elmidae,invert,275.93,NA,NA,NA,0.94,NA,NA,NA,0.41,0.59,2267.00,1083.84,,
06/23/2009,Sweltza,invert,44.64,NA,NA,NA,0.94,NA,NA,NA,0.47,0.53,420.20,157.56,,
06/23/2009,Gloss,invert,4.83,NA,NA,NA,0.94,NA,NA,NA,0.40,0.60,38.60,19.33,,
06/23/2009,Perlodid,invert,11.74,NA,NA,NA,0.94,NA,NA,NA,0.48,0.52,112.40,40.81,,
06/23/2009,Serratella,invert,53.66,NA,NA,NA,0.94,NA,NA,NA,0.46,0.54,489.20,194.65,,
06/23/2009,Ameletidae,invert,6.75,NA,NA,NA,0.94,NA,NA,NA,0.46,0.54,61.60,24.44,,
06/23/2009,Brachy,invert,2.83,NA,NA,NA,0.94,NA,NA,NA,0.46,0.54,26.00,10.23,,
06/23/2009,Tipulidae,invert,4.28,NA,NA,NA,0.94,NA,NA,NA,0.43,0.57,37.20,16.14,,
06/23/2009,Rhyac,invert,33.07,NA,NA,NA,0.94,NA,NA,NA,0.46,0.54,306.20,118.40,,
06/23/2009,Pericoma,invert,5.61,NA,NA,NA,0.94,NA,NA,NA,0.47,0.53,52.60,19.86,,
06/23/2009,Grandis,invert,5.49,NA,NA,NA,0.94,NA,NA,NA,0.67,0.33,73.60,12.10,,
06/23/2009,Chiron,invert,76.51,NA,NA,NA,0.94,NA,NA,NA,0.45,0.55,684.80,281.80,,
06/23/2009,Rhithrogena,invert,4.61,NA,NA,NA,0.94,NA,NA,NA,0.43,0.57,39.20,17.68,,
06/23/2009,Baetis,invert,19.52,NA,NA,NA,0.94,NA,NA,NA,0.46,0.54,179.00,70.50,,
06/23/2009,Barbaetis,invert,8.72,NA,NA,NA,0.94,NA,NA,NA,0.47,0.53,82.80,30.52,,
06/23/2009,Hydro,invert,10.00,NA,NA,NA,0.94,NA,NA,NA,0.33,0.67,66.00,44.67,,
06/23/2009,Classenia,invert,43.00,NA,NA,NA,0.94,NA,NA,NA,0.48,0.52,414.00,148.69,,
06/23/2009,Elmidae (A),invert,25.81,NA,NA,NA,0.94,NA,NA,NA,0.39,0.61,203.00,104.41,,
06/23/2009,Tabanidae,invert,0.93,NA,NA,NA,0.94,NA,NA,NA,0.45,0.55,8.39,3.42,,
06/23/2009,Ostracoda,invert,0.67,NA,NA,NA,0.94,NA,NA,NA,0.45,0.55,6.01,2.45,,
06/23/2009,Limn,invert,0.27,NA,NA,NA,0.94,NA,NA,NA,0.45,0.55,2.42,0.98,,
06/23/2009,Mite,invert,5.41,NA,NA,NA,0.94,NA,NA,NA,0.45,0.55,48.65,19.82,,
